"0","# Now view Washington Data."
"0","WAData$NAME"
"1","  [1]"
"1"," ""BENGE SCHOOL DISTRICT 122""                              "
"1","
"
"1","  [2]"
"1"," ""LIND SCHOOL DISTRICT 158""                               "
"1","
"
"1","  [3]"
"1"," ""OTHELLO SCHOOL DISTRICT 147 163-55""                     "
"1","
"
"1","  [4]"
"1"," ""RITZVILLE SCHOOL DISTRICT 160-67""                       "
"1","
"
"1","  [5]"
"1"," ""WASHTUCNA SCHOOL DISTRICT 109-43""                       "
"1","
"
"1","  [6]"
"1"," ""ASOTIN ANATONE SCHOOL DISTRICT 420""                     "
"1","
"
"1","  [7]"
"1"," ""CLARKSTON SCHOOL DISTRICT J250-185""                     "
"1","
"
"1","  [8]"
"1"," ""KENNEWICK SCHOOL DISTRICT 17""                           "
"1","
"
"1","  [9]"
"1"," ""KIONA BENTON SCHOOL DISTRICT 52""                        "
"1","
"
"1"," [10]"
"1"," ""PATERSON SCHOOL DISTRICT 50""                            "
"1","
"
"1"," [11]"
"1"," ""PROSSER SCHOOL DISTRICT 116""                            "
"1","
"
"1"," [12]"
"1"," ""RICHLAND SCHOOL DISTRICT 400""                           "
"1","
"
"1"," [13]"
"1"," ""FINLEY SCHOOL DISTRICT 53""                              "
"1","
"
"1"," [14]"
"1"," ""CASHMERE SCHOOL DISTRICT 222""                           "
"1","
"
"1"," [15]"
"1"," ""LAKE CHELAN SCH DIST 129""                               "
"1","
"
"1"," [16]"
"1"," ""ENTIAT SCHOOL DISTRICT 127""                             "
"1","
"
"1"," [17]"
"1"," ""MANSON SCHOOL DISTRICT 19""                              "
"1","
"
"1"," [18]"
"1"," ""CASCADE SCHOOL DISTRICT 228""                            "
"1","
"
"1"," [19]"
"1"," ""STEHEKIN SCHOOL DISTRICT 69""                            "
"1","
"
"1"," [20]"
"1"," ""WENATCHEE SCHOOL DISTRICT 246""                          "
"1","
"
"1"," [21]"
"1"," ""NORTH CENTRAL EDUCATIONAL SERVICE DISTRICT""             "
"1","
"
"1"," [22]"
"1"," ""CAPE FLATTERY SCHOOL DISTRICT 401""                      "
"1","
"
"1"," [23]"
"1"," ""CRESCENT SCHOOL DISTRICT 313""                           "
"1","
"
"1"," [24]"
"1"," ""PORT ANGELES SCHOOL DISTRICT 121""                       "
"1","
"
"1"," [25]"
"1"," ""QUILLAYUTE VALLEY SCHOOL DISTRICT""                      "
"1","
"
"1"," [26]"
"1"," ""SEQUIM SCHOOL DISTRICT 323""                             "
"1","
"
"1"," [27]"
"1"," ""BATTLE GROUND SCHOOL DISTRICT 119""                      "
"1","
"
"1"," [28]"
"1"," ""CAMAS SCHOOL DISTRICT 117""                              "
"1","
"
"1"," [29]"
"1"," ""EVERGREEN SCHOOL DISTRICT 114""                          "
"1","
"
"1"," [30]"
"1"," ""GREEN MOUNTAIN SCHOOL DISTRICT 103""                     "
"1","
"
"1"," [31]"
"1"," ""HOCKINSON SCHOOL DISTRICT 98""                           "
"1","
"
"1"," [32]"
"1"," ""LA CENTER SCHOOL DISTRICT 101""                          "
"1","
"
"1"," [33]"
"1"," ""RIDGEFIELD SCHOOL DISTRICT 122""                         "
"1","
"
"1"," [34]"
"1"," ""VANCOUVER SCHOOL DISTRICT 37""                           "
"1","
"
"1"," [35]"
"1"," ""WASHOUGAL SCHOOL DISTRICT 112-6""                        "
"1","
"
"1"," [36]"
"1"," ""EDUCATIONAL SERVICE DISTRICT 112""                       "
"1","
"
"1"," [37]"
"1"," ""DAYTON SCHOOL DISTRICT 2""                               "
"1","
"
"1"," [38]"
"1"," ""STARBUCK SCHOOL DISTRICT 35""                            "
"1","
"
"1"," [39]"
"1"," ""CASTLE ROCK SCHOOL DISTRICT 401""                        "
"1","
"
"1"," [40]"
"1"," ""KALAMA SCHOOL DISTRICT 402""                             "
"1","
"
"1"," [41]"
"1"," ""KELSO SCHOOL DISTRICT 458""                              "
"1","
"
"1"," [42]"
"1"," ""LONGVIEW SCHOOL DISTRICT 122""                           "
"1","
"
"1"," [43]"
"1"," ""TOUTLE LAKE SCHOOL DISTRICT 130""                        "
"1","
"
"1"," [44]"
"1"," ""WOODLAND SCHOOL DISTRICT 404""                           "
"1","
"
"1"," [45]"
"1"," ""BRIDGEPORT SCHOOL DISTRICT 75""                          "
"1","
"
"1"," [46]"
"1"," ""EASTMONT SCHOOL DISTRICT 206""                           "
"1","
"
"1"," [47]"
"1"," ""MANSFIELD SCHOOL DISTRICT 207""                          "
"1","
"
"1"," [48]"
"1"," ""ORONDO SCHOOL DISTRICT 13""                              "
"1","
"
"1"," [49]"
"1"," ""PALISADES SCHOOL DISTRICT 102""                          "
"1","
"
"1"," [50]"
"1"," ""WATERVILLE SCHOOL DISTRICT 209""                         "
"1","
"
"1"," [51]"
"1"," ""CURLEW CONSOLIDATED SCHOOL DISTRICT 50""                 "
"1","
"
"1"," [52]"
"1"," ""INCHELIUM SCHOOL DISTRICT 70""                           "
"1","
"
"1"," [53]"
"1"," ""KELLER SCHOOL DISTRICT 3""                               "
"1","
"
"1"," [54]"
"1"," ""ORIENT SCHOOL DISTRICT 65""                              "
"1","
"
"1"," [55]"
"1"," ""REPUBLIC SCHOOL DISTRICT 309""                           "
"1","
"
"1"," [56]"
"1"," ""KAHLOTUS SCHOOL DISTRICT 56""                            "
"1","
"
"1"," [57]"
"1"," ""PASCO SCHOOL DISTRICT 1""                                "
"1","
"
"1"," [58]"
"1"," ""STAR SCHOOL DISTRICT 54""                                "
"1","
"
"1"," [59]"
"1"," ""NORTH FRANKLIN SCHOOL DISTRICT J51-162""                 "
"1","
"
"1"," [60]"
"1"," ""POMEROY SCHOOL DISTRICT 110""                            "
"1","
"
"1"," [61]"
"1"," ""COULEE HARTLINE SCHOOL DISTRICT 151""                    "
"1","
"
"1"," [62]"
"1"," ""EPHRATA SCHOOL DISTRICT 165""                            "
"1","
"
"1"," [63]"
"1"," ""GRAND COULEE DAM SCHOOL DISTRICT 301J""                  "
"1","
"
"1"," [64]"
"1"," ""ROYAL SCHOOL DISTRICT 160""                              "
"1","
"
"1"," [65]"
"1"," ""MOSES LAKE SCHOOL DISTRICT 161""                         "
"1","
"
"1"," [66]"
"1"," ""QUINCY SCHOOL DISTRICT 144-101""                         "
"1","
"
"1"," [67]"
"1"," ""SOAP LAKE SCHOOL DISTRICT 156""                          "
"1","
"
"1"," [68]"
"1"," ""WARDEN SCHOOL DISTRICT 146-161""                         "
"1","
"
"1"," [69]"
"1"," ""WILSON CREEK JOINT CONSOLIDATED SCHOOL DISTRICT 167 202"""
"1","
"
"1"," [70]"
"1"," ""WAHLUKE SCHOOL DISTRICT 73""                             "
"1","
"
"1"," [71]"
"1"," ""ABERDEEN SCHOOL DISTRICT 5""                             "
"1","
"
"1"," [72]"
"1"," ""COSMOPOLIS SCHOOL DISTRICT 99""                          "
"1","
"
"1"," [73]"
"1"," ""ELMA SCHOOL DISTRICT 68""                                "
"1","
"
"1"," [74]"
"1"," ""HOQUIAM SCHOOL DISTRICT 28""                             "
"1","
"
"1"," [75]"
"1"," ""MCCLEARY SCHOOL DISTRICT 65""                            "
"1","
"
"1"," [76]"
"1"," ""MONTESANO SCHOOL DISTRICT 66""                           "
"1","
"
"1"," [77]"
"1"," ""OAKVILLE SCHOOL DISTRICT 400""                           "
"1","
"
"1"," [78]"
"1"," ""OCOSTA SCHOOL DISTRICT 172""                             "
"1","
"
"1"," [79]"
"1"," ""QUINALT SCHOOL DISTRICT 97""                             "
"1","
"
"1"," [80]"
"1"," ""SATSOP SCHOOL DISTRICT 104""                             "
"1","
"
"1"," [81]"
"1"," ""TAHOLAH SCHOOL DISTRICT 77""                             "
"1","
"
"1"," [82]"
"1"," ""WISHKAH VALLEY SCHOOL DISTRICT 117""                     "
"1","
"
"1"," [83]"
"1"," ""NORTH BEACH SCHOOL DISTRICT 64""                         "
"1","
"
"1"," [84]"
"1"," ""COUPEVILLE SCHOOL DISTRICT 204""                         "
"1","
"
"1"," [85]"
"1"," ""OAK HARBOR SCHOOL DISTRICT 201""                         "
"1","
"
"1"," [86]"
"1"," ""SOUTH WHIDBEY SCHOOL DISTRICT 206""                      "
"1","
"
"1"," [87]"
"1"," ""BRINNON SCHOOL DISTRICT 46""                             "
"1","
"
"1"," [88]"
"1"," ""CHIMACUM SCHOOL DISTRICT 49""                            "
"1","
"
"1"," [89]"
"1"," ""PORT TOWNSEND SCHOOL DISTRICT 50""                       "
"1","
"
"1"," [90]"
"1"," ""QUEETS CLEARWATER SCHOOL DISTRICT 20""                   "
"1","
"
"1"," [91]"
"1"," ""QUILCENE SCHOOL DISTRICT 48""                            "
"1","
"
"1"," [92]"
"1"," ""AUBURN SCHOOL DISTRICT 408""                             "
"1","
"
"1"," [93]"
"1"," ""BELLEVUE SCHOOL DISTRICT 405""                           "
"1","
"
"1"," [94]"
"1"," ""NORTHSHORE SCHOOL DISTRICT 417""                         "
"1","
"
"1"," [95]"
"1"," ""ENUMCLAW SCHOOL DISTRICT 216""                           "
"1","
"
"1"," [96]"
"1"," ""FEDERAL WAY SCHOOL DISTRICT 210""                        "
"1","
"
"1"," [97]"
"1"," ""HIGHLINE SCHOOL DISTRICT 401""                           "
"1","
"
"1"," [98]"
"1"," ""ISSAQUAH SCHOOL DISTRICT 411""                           "
"1","
"
"1"," [99]"
"1"," ""KENT SCHOOL DISTRICT 415""                               "
"1","
"
"1","[100]"
"1"," ""LAKE WASHINGTON SCHOOL DISTRICT 414""                    "
"1","
"
"1","[101]"
"1"," ""RIVERVIEW SCHOOL DISTRICT 407""                          "
"1","
"
"1","[102]"
"1"," ""MERCER ISLAND SCHOOL DISTRICT 400""                      "
"1","
"
"1","[103]"
"1"," ""RENTON SCHOOL DISTRICT 403""                             "
"1","
"
"1","[104]"
"1"," ""SEATTLE SCHOOL DISTRICT 1""                              "
"1","
"
"1","[105]"
"1"," ""SHORELINE SCHOOL DISTRICT 412""                          "
"1","
"
"1","[106]"
"1"," ""SKYKOMISH SCHOOL DISTRICT 404""                          "
"1","
"
"1","[107]"
"1"," ""SNOQUALMIE VALLEY SCHOOL DISTRICT 410""                  "
"1","
"
"1","[108]"
"1"," ""TUKWILA SCHOOL DISTRICT 406""                            "
"1","
"
"1","[109]"
"1"," ""TAHOMA SCHOOL DISTRICT 409""                             "
"1","
"
"1","[110]"
"1"," ""VASHON ISLAND SCHOOL DISTRICT 402""                      "
"1","
"
"1","[111]"
"1"," ""PUGET SOUND EDUCATIONAL SERVICE DISTRICT""               "
"1","
"
"1","[112]"
"1"," ""BAINBRIDGE ISLAND SCHOOL DISTRICT 303""                  "
"1","
"
"1","[113]"
"1"," ""BREMERTON SCHOOL DISTRICT 100 C""                        "
"1","
"
"1","[114]"
"1"," ""CENTRAL KITSAP SCHOOL DISTRICT 401""                     "
"1","
"
"1","[115]"
"1"," ""NORTH KITSAP SCHOOL DISTRICT 400""                       "
"1","
"
"1","[116]"
"1"," ""SOUTH KITSAP SCHOOL DISTRICT 402""                       "
"1","
"
"1","[117]"
"1"," ""OLYMPIC EDUCATIONAL SERVICE DISTRICT 114""               "
"1","
"
"1","[118]"
"1"," ""CLEELUM ROSLYN SCHOOL DISTRICT 404""                     "
"1","
"
"1","[119]"
"1"," ""DAMMAN SCHOOL DISTRICT 7""                               "
"1","
"
"1","[120]"
"1"," ""EASTON SCHOOL DISTRICT 28""                              "
"1","
"
"1","[121]"
"1"," ""ELLENSBURG SCHOOL DISTRICT 401""                         "
"1","
"
"1","[122]"
"1"," ""KITTITAS SCHOOL DISTRICT 403""                           "
"1","
"
"1","[123]"
"1"," ""THORP SCHOOL DISTRICT 400""                              "
"1","
"
"1","[124]"
"1"," ""BICKLETON SCHOOL DISTRICT 203""                          "
"1","
"
"1","[125]"
"1"," ""CENTERVILLE SCHOOL DISTRICT 215""                        "
"1","
"
"1","[126]"
"1"," ""GLENWOOD CONSOLIDATED SCHOOL DISTRICT 401""              "
"1","
"
"1","[127]"
"1"," ""GOLDENDALE SCHOOL DISTRICT 404""                         "
"1","
"
"1","[128]"
"1"," ""KLICKITAT SCHOOL DISTRICT 402""                          "
"1","
"
"1","[129]"
"1"," ""LYLE SCHOOL DISTRICT 406""                               "
"1","
"
"1","[130]"
"1"," ""ROOSEVELT SCHOOL DISTRICT 403""                          "
"1","
"
"1","[131]"
"1"," ""TROUT LAKE SCHOOL DISTRICT 400""                         "
"1","
"
"1","[132]"
"1"," ""WHITE SALMON SCHOOL DISTRICT 405-17""                    "
"1","
"
"1","[133]"
"1"," ""WISHRAM SCHOOL DISTRICT 94""                             "
"1","
"
"1","[134]"
"1"," ""ADNA SCHOOL DISTRICT 226""                               "
"1","
"
"1","[135]"
"1"," ""BOISTFORT SCHOOL DISTRICT 234""                          "
"1","
"
"1","[136]"
"1"," ""CENTRALIA SCHOOL DISTRICT 401""                          "
"1","
"
"1","[137]"
"1"," ""CHEHALIS SCHOOL DISTRICT 302""                           "
"1","
"
"1","[138]"
"1"," ""EVALINE SCHOOL DISTRICT 36""                             "
"1","
"
"1","[139]"
"1"," ""MORTON SCHOOL DISTRICT 214""                             "
"1","
"
"1","[140]"
"1"," ""MOSSYROCK SCHOOL DISTRICT 206""                          "
"1","
"
"1","[141]"
"1"," ""NAPAVINE SCHOOL DISTRICT 14""                            "
"1","
"
"1","[142]"
"1"," ""ONALASKA SCHOOL DISTRICT 300""                           "
"1","
"
"1","[143]"
"1"," ""PE ELL SCHOOL DISTRICT 301""                             "
"1","
"
"1","[144]"
"1"," ""TOLEDO SCHOOL DISTRICT 237""                             "
"1","
"
"1","[145]"
"1"," ""WHITE PASS SCHOOL DISTRICT 303""                         "
"1","
"
"1","[146]"
"1"," ""WINLOCK SCHOOL DISTRICT 232""                            "
"1","
"
"1","[147]"
"1"," ""ALMIRA SCHOOL DISTRICT 17""                              "
"1","
"
"1","[148]"
"1"," ""CRESTON CONSOLIDATED SCHOOL DISTRICT 73""                "
"1","
"
"1","[149]"
"1"," ""DAVENPORT SCHOOL DISTRICT 207""                          "
"1","
"
"1","[150]"
"1"," ""HARRINGTON SCHOOL DISTRICT 204""                         "
"1","
"
"1","[151]"
"1"," ""ODESSA SCHOOL DISTRICT 105-157-166J""                    "
"1","
"
"1","[152]"
"1"," ""REARDAN-EDWALL SCHOOL DISTRICT 9""                       "
"1","
"
"1","[153]"
"1"," ""SPRAGUE CONSOLIDATED SCHOOL DISTRICT 8""                 "
"1","
"
"1","[154]"
"1"," ""WILBUR CONSOLIDATED SCHOOL DISTRICT 200""                "
"1","
"
"1","[155]"
"1"," ""NORTH MASON SCHOOL DISTRICT 403""                        "
"1","
"
"1","[156]"
"1"," ""GRAPEVIEW SCHOOL DISTRICT 54""                           "
"1","
"
"1","[157]"
"1"," ""HOOD CANAL CONSOLIDATED SCHOOL DISTRICT 404""            "
"1","
"
"1","[158]"
"1"," ""MARY M KNIGHT SCHOOL DISTRICT 311""                      "
"1","
"
"1","[159]"
"1"," ""PIONEER SCHOOL DISTRICT 402""                            "
"1","
"
"1","[160]"
"1"," ""SHELTON SCHOOL DISTRICT 309""                            "
"1","
"
"1","[161]"
"1"," ""SOUTHSIDE SCHOOL DISTRICT 42""                           "
"1","
"
"1","[162]"
"1"," ""BREWSTER SCHOOL DISTRICT 111""                           "
"1","
"
"1","[163]"
"1"," ""NESPELEM SCHOOL DISTRICT 14""                            "
"1","
"
"1","[164]"
"1"," ""OKANOGAN SCHOOL DISTRICT 105""                           "
"1","
"
"1","[165]"
"1"," ""OMAK SCHOOL DISTRICT 19""                                "
"1","
"
"1","[166]"
"1"," ""OROVILLE SCHOOL DISTRICT 410""                           "
"1","
"
"1","[167]"
"1"," ""PATEROS SCHOOL DISTRICT 122""                            "
"1","
"
"1","[168]"
"1"," ""TONASKET SCHOOL DISTRICT 404""                           "
"1","
"
"1","[169]"
"1"," ""METHOW VALLEY SCHOOL DISTRICT 350""                      "
"1","
"
"1","[170]"
"1"," ""OCEAN BEACH SCHOOL DISTRICT 101""                        "
"1","
"
"1","[171]"
"1"," ""NASELLE GRAYS RIVER VALLEY SCHOOL DISTRICT 155""         "
"1","
"
"1","[172]"
"1"," ""NORTH RIVER SCHOOL DISTRICT 200""                        "
"1","
"
"1","[173]"
"1"," ""RAYMOND SCHOOL DISTRICT 116""                            "
"1","
"
"1","[174]"
"1"," ""SOUTH BEND SCHOOL DISTRICT 118""                         "
"1","
"
"1","[175]"
"1"," ""WILLAPA VAL SCHOOL DISTRICT 160""                        "
"1","
"
"1","[176]"
"1"," ""CUSICK CONSOLIDATED SCHOOL DISTRICT 59""                 "
"1","
"
"1","[177]"
"1"," ""NEWPORT SCHOOL DISTRICT 56-415""                         "
"1","
"
"1","[178]"
"1"," ""SELKIRK SCHOOL DISTRICT 70""                             "
"1","
"
"1","[179]"
"1"," ""BETHEL SCHOOL DISTRICT 403""                             "
"1","
"
"1","[180]"
"1"," ""CARBONADO SCHOOL DISTRICT 19""                           "
"1","
"
"1","[181]"
"1"," ""CLOVER PARK SCHOOL DISTRICT 400""                        "
"1","
"
"1","[182]"
"1"," ""DIERINGER SCHOOL DISTRICT 343""                          "
"1","
"
"1","[183]"
"1"," ""EATONVILLE SCHOOL DISTRICT 404""                         "
"1","
"
"1","[184]"
"1"," ""FIFE SCHOOL DISTRICT 417""                               "
"1","
"
"1","[185]"
"1"," ""FRANKLIN PIERCE SCHOOL DISTRICT 402""                    "
"1","
"
"1","[186]"
"1"," ""ORTING SCHOOL DISTRICT 344""                             "
"1","
"
"1","[187]"
"1"," ""PENINSULA SCHOOL DISTRICT 401""                          "
"1","
"
"1","[188]"
"1"," ""PUYALLUP SCHOOL DISTRICT 3""                             "
"1","
"
"1","[189]"
"1"," ""STEILACOOM HISTORICAL SCHOOL DISTRICT 1""                "
"1","
"
"1","[190]"
"1"," ""SUMNER SCHOOL DISTRICT 320""                             "
"1","
"
"1","[191]"
"1"," ""TACOMA SCHOOL DISTRICT 10""                              "
"1","
"
"1","[192]"
"1"," ""UNIVERSITY PLACE SCH DIST 83""                           "
"1","
"
"1","[193]"
"1"," ""WHITE RIVER SCHOOL DISTRICT 416""                        "
"1","
"
"1","[194]"
"1"," ""LOPEZ ISLAND SCHOOL DISTRICT 144""                       "
"1","
"
"1","[195]"
"1"," ""ORCAS ISLAND SCHOOL DISTRICT 137""                       "
"1","
"
"1","[196]"
"1"," ""SAN JUAN ISLAND SCHOOL DISTRICT 149""                    "
"1","
"
"1","[197]"
"1"," ""SHAW ISLAND SCHOOL DISTRICT 10""                         "
"1","
"
"1","[198]"
"1"," ""ANACORTES SCHOOL DISTRICT 103""                          "
"1","
"
"1","[199]"
"1"," ""BURLINGTON EDISON SCHOOL DISTRICT 100""                  "
"1","
"
"1","[200]"
"1"," ""CONCRETE SCHOOL DISTRICT 11""                            "
"1","
"
"1","[201]"
"1"," ""CONWAY SCHOOL DISTRICT 317""                             "
"1","
"
"1","[202]"
"1"," ""LA CONNER SCHOOL DISTRICT 311""                          "
"1","
"
"1","[203]"
"1"," ""MT VERNON SCHOOL DISTRICT 320""                          "
"1","
"
"1","[204]"
"1"," ""SEDRO WOOLLEY SCHOOL DISTRICT 101""                      "
"1","
"
"1","[205]"
"1"," ""NORTHWEST EDUCATIONAL SERVICE DISTRICT 189""             "
"1","
"
"1","[206]"
"1"," ""MILL A SCHOOL DISTRICT 31""                              "
"1","
"
"1","[207]"
"1"," ""MT PLEASANT SCHOOL DISTRICT 29-93""                      "
"1","
"
"1","[208]"
"1"," ""SKAMANIA SCHOOL DISTRICT 2""                             "
"1","
"
"1","[209]"
"1"," ""STEVENSON-CARSON SCHOOL DISTRICT 303""                   "
"1","
"
"1","[210]"
"1"," ""ARLINGTON SCHOOL DISTRICT 16""                           "
"1","
"
"1","[211]"
"1"," ""DARRINGTON CONSOLIDATED SCHOOL DISTRICT 330""            "
"1","
"
"1","[212]"
"1"," ""EDMONDS SCHOOL DISTRICT 15""                             "
"1","
"
"1","[213]"
"1"," ""EVERETT SCHOOL DISTRICT 2""                              "
"1","
"
"1","[214]"
"1"," ""GRANITE FALLS SCHOOL DISTRICT 332""                      "
"1","
"
"1","[215]"
"1"," ""INDEX SCHOOL DISTRICT 63""                               "
"1","
"
"1","[216]"
"1"," ""LAKE STEVENS SCHOOL DISTRICT 4""                         "
"1","
"
"1","[217]"
"1"," ""LAKEWOOD SCHOOL DISTRICT 306""                           "
"1","
"
"1","[218]"
"1"," ""MARYSVILLE SCHOOL DISTRICT 25""                          "
"1","
"
"1","[219]"
"1"," ""MONROE SCHOOL DISTRICT 103""                             "
"1","
"
"1","[220]"
"1"," ""MUKILTEO SCHOOL DISTRICT 6""                             "
"1","
"
"1","[221]"
"1"," ""SNOHOMISH SCHOOL DISTRICT 201""                          "
"1","
"
"1","[222]"
"1"," ""SULTAN SCHOOL DISTRICT 311""                             "
"1","
"
"1","[223]"
"1"," ""STANWOOD SCHOOL DISTRICT 401""                           "
"1","
"
"1","[224]"
"1"," ""CENTRAL VALLEY SCHOOL DISTRICT 356""                     "
"1","
"
"1","[225]"
"1"," ""CHENEY SCHOOL DISTRICT 360""                             "
"1","
"
"1","[226]"
"1"," ""DEER PARK SCHOOL DISTRICT 414""                          "
"1","
"
"1","[227]"
"1"," ""LIBERTY SCHOOL DISTRICT 362""                            "
"1","
"
"1","[228]"
"1"," ""FREEMAN SCHOOL DISTRICT 358""                            "
"1","
"
"1","[229]"
"1"," ""MEAD CONSOLIDATED SCHOOL DISTRICT 354""                  "
"1","
"
"1","[230]"
"1"," ""MEDICAL LAKE SCHOOL DISTRICT 326""                       "
"1","
"
"1","[231]"
"1"," ""NINE MILE FALLS SCHOOL DISTRICT 325""                    "
"1","
"
"1","[232]"
"1"," ""ORCHARD PRAIRIE SCHOOL DISTRICT 123""                    "
"1","
"
"1","[233]"
"1"," ""RIVERSIDE SCHOOL DISTRICT 416""                          "
"1","
"
"1","[234]"
"1"," ""SPOKANE SCHOOL DISTRICT 81""                             "
"1","
"
"1","[235]"
"1"," ""WEST VALLEY SCHOOL DISTRICT 363""                        "
"1","
"
"1","[236]"
"1"," ""EDUCATIONAL SERVICE DISTRICT 101""                       "
"1","
"
"1","[237]"
"1"," ""EAST VALLEY SCHOOL DISTRICT 361""                        "
"1","
"
"1","[238]"
"1"," ""GREAT NORTHERN SCHOOL DISTRICT 312""                     "
"1","
"
"1","[239]"
"1"," ""CHEWELAH SCHOOL DISTRICT 36""                            "
"1","
"
"1","[240]"
"1"," ""COLVILLE SCHOOL DISTRICT 115""                           "
"1","
"
"1","[241]"
"1"," ""COLUMBIA SCHOOL DISTRICT 206""                           "
"1","
"
"1","[242]"
"1"," ""EVERGREEN SCHOOL DISTRICT 205""                          "
"1","
"
"1","[243]"
"1"," ""KETTLE FALLS SCHOOL DISTRICT 212""                       "
"1","
"
"1","[244]"
"1"," ""LOON LAKE SCHOOL DISTRICT 183""                          "
"1","
"
"1","[245]"
"1"," ""NORTHPORT SCHOOL DISTRICT 211""                          "
"1","
"
"1","[246]"
"1"," ""ONION CREEK SCHOOL DISTRICT 30""                         "
"1","
"
"1","[247]"
"1"," ""MARY WALKER SCHOOL DISTRICT 207""                        "
"1","
"
"1","[248]"
"1"," ""SUMMIT VALLEY SCHOOL DISTRICT 202""                      "
"1","
"
"1","[249]"
"1"," ""VALLEY SCHOOL DISTRICT 70""                              "
"1","
"
"1","[250]"
"1"," ""WELLPINIT SCHOOL DISTRICT 49""                           "
"1","
"
"1","[251]"
"1"," ""GRIFFIN SCHOOL DISTRICT 324""                            "
"1","
"
"1","[252]"
"1"," ""NORTH THURSTON SCHOOL DISTRICT 3""                       "
"1","
"
"1","[253]"
"1"," ""OLYMPIA SCHOOL DISTRICT 111""                            "
"1","
"
"1","[254]"
"1"," ""RAINIER SCHOOL DISTRICT 307""                            "
"1","
"
"1","[255]"
"1"," ""ROCHESTER SCHOOL DISTRICT 401""                          "
"1","
"
"1","[256]"
"1"," ""TENINO SCHOOL DISTRICT 402""                             "
"1","
"
"1","[257]"
"1"," ""TUMWATER SCHOOL DISTRICT 33""                            "
"1","
"
"1","[258]"
"1"," ""YELM SCHOOL DISTRICT 2""                                 "
"1","
"
"1","[259]"
"1"," ""EDUCATIONAL SERVICE DISTRICT 113""                       "
"1","
"
"1","[260]"
"1"," ""WAHKIAKUM SCHOOL DISTRICT 200""                          "
"1","
"
"1","[261]"
"1"," ""COLLEGE PLACE SCHOOL DISTRICT 250""                      "
"1","
"
"1","[262]"
"1"," ""COLUMBIA SCHOOL DISTRICT 400""                           "
"1","
"
"1","[263]"
"1"," ""DIXIE SCHOOL DISTRICT 101""                              "
"1","
"
"1","[264]"
"1"," ""PRESCOTT SCHOOL DISTRICT 402 37""                        "
"1","
"
"1","[265]"
"1"," ""TOUCHET SCHOOL DISTRICT 300""                            "
"1","
"
"1","[266]"
"1"," ""WAITSBURG SCHOOL DISTRICT 401-100""                      "
"1","
"
"1","[267]"
"1"," ""WALLA WALLA SCHOOL DISTRICT 140""                        "
"1","
"
"1","[268]"
"1"," ""EDUCATIONAL SERVICE DISTRICT 123""                       "
"1","
"
"1","[269]"
"1"," ""BELLINGHAM SCHOOL DISTRICT 501""                         "
"1","
"
"1","[270]"
"1"," ""BLAINE SCHOOL DISTRICT 503""                             "
"1","
"
"1","[271]"
"1"," ""FERNDALE SCHOOL DISTRICT 502""                           "
"1","
"
"1","[272]"
"1"," ""LYNDEN SCHOOL DISTRICT 504""                             "
"1","
"
"1","[273]"
"1"," ""MERIDIAN SCHOOL DISTRICT 505""                           "
"1","
"
"1","[274]"
"1"," ""MOUNT BAKER SCHOOL DISTRICT 507""                        "
"1","
"
"1","[275]"
"1"," ""NOOKSACK VALLEY SCHOOL DISTRICT 506""                    "
"1","
"
"1","[276]"
"1"," ""COLFAX SCHOOL DISTRICT 300""                             "
"1","
"
"1","[277]"
"1"," ""COLTON SCHOOL DISTRICT 306""                             "
"1","
"
"1","[278]"
"1"," ""ENDICOTT SCHOOL DISTRICT 308""                           "
"1","
"
"1","[279]"
"1"," ""GARFIELD SCHOOL DISTRICT 302""                           "
"1","
"
"1","[280]"
"1"," ""LACROSSE SCHOOL DISTRICT 126""                           "
"1","
"
"1","[281]"
"1"," ""LAMONT SCHOOL DISTRICT 264""                             "
"1","
"
"1","[282]"
"1"," ""OAKESDALE SCHOOL DISTRICT 324""                          "
"1","
"
"1","[283]"
"1"," ""PALOUSE SCHOOL DISTRICT 301""                            "
"1","
"
"1","[284]"
"1"," ""PULLMAN SCHOOL DISTRICT 267""                            "
"1","
"
"1","[285]"
"1"," ""ROSALIA SCHOOL DISTRICT 320""                            "
"1","
"
"1","[286]"
"1"," ""ST JOHN SCHOOL DISTRICT 322""                            "
"1","
"
"1","[287]"
"1"," ""STEPTOE SCHOOL DISTRICT 304""                            "
"1","
"
"1","[288]"
"1"," ""TEKOA SCHOOL DISTRICT 265""                              "
"1","
"
"1","[289]"
"1"," ""GRANDVIEW SCHOOL DISTRICT 116-200""                      "
"1","
"
"1","[290]"
"1"," ""GRANGER SCHOOL DISTRICT 204""                            "
"1","
"
"1","[291]"
"1"," ""HIGHLAND SCHOOL DISTRICT 203""                           "
"1","
"
"1","[292]"
"1"," ""MABTON SCHOOL DISTRICT 120""                             "
"1","
"
"1","[293]"
"1"," ""EAST VALLEY SCHOOL DISTRICT 90""                         "
"1","
"
"1","[294]"
"1"," ""NACHES VALLEY JOINT SCHOOL DISTRICT 3""                  "
"1","
"
"1","[295]"
"1"," ""SELAH SCHOOL DISTRICT 119""                              "
"1","
"
"1","[296]"
"1"," ""SUNNYSIDE SCHOOL DISTRICT 201""                          "
"1","
"
"1","[297]"
"1"," ""TOPPENISH SCHOOL DISTRICT 202""                          "
"1","
"
"1","[298]"
"1"," ""UNION GAP SCHOOL DISTRICT 2""                            "
"1","
"
"1","[299]"
"1"," ""WAPATO SCHOOL DISTRICT 207""                             "
"1","
"
"1","[300]"
"1"," ""WEST VALLEY SCHOOL DISTRICT 208""                        "
"1","
"
"1","[301]"
"1"," ""YAKIMA SCHOOL DISTRICT 7""                               "
"1","
"
"1","[302]"
"1"," ""ZILLAH SCHOOL DISTRICT 205""                             "
"1","
"
"1","[303]"
"1"," ""EDUCATIONAL SERVICE DISTRICT 105""                       "
"1","
"
"1","[304]"
"1"," ""MOUNT ADAMS SCHOOL DISTRICT 209""                        "
"1","
"
